n_sources,n_dataitems,n_distinct,coverage_dist,truth_dist,distinct_dist,spread_dist,optimal_perc_score,optimal_score,n_claims,iteration_index,TwoEstimates_time,TwoEstimates_score_perc,TwoEstimates_score
200,200,20,F_TruncPareto,F_S_TruncPareto,F_TruncPareto,F_TruncPareto,1.0,200,34670,0,2.525585834,0.0,0
200,200,20,F_TruncPareto,F_S_TruncPareto,F_TruncPareto,F_TruncExponential,1.0,200,35226,1,2.3155970420000003,0.005,1
200,200,20,F_TruncPareto,F_S_TruncPareto,F_TruncPareto,Uniform,1.0,200,34860,2,2.346806042,0.01,2
200,200,20,F_TruncPareto,F_S_TruncPareto,F_TruncPareto,TruncExponential,1.0,200,34831,3,2.2269077500000005,0.005,1
200,200,20,F_TruncPareto,F_S_TruncPareto,F_TruncPareto,TruncPareto,1.0,200,34929,4,2.176825583000001,0.0,0
200,200,20,F_TruncPareto,F_S_TruncPareto,F_TruncExponential,F_TruncPareto,1.0,200,35015,5,2.39391425,0.0,0
200,200,20,F_TruncPareto,F_S_TruncPareto,F_TruncExponential,F_TruncExponential,1.0,200,35184,6,2.330234917000002,0.0,0
200,200,20,F_TruncPareto,F_S_TruncPareto,F_TruncExponential,Uniform,1.0,200,35183,7,2.344012499999998,0.0,0
200,200,20,F_TruncPareto,F_S_TruncPareto,F_TruncExponential,TruncExponential,1.0,200,34511,8,2.0562784580000013,0.0,0
200,200,20,F_TruncPareto,F_S_TruncPareto,F_TruncExponential,TruncPareto,1.0,200,35422,9,2.203790209000001,0.0,0
200,200,20,F_TruncPareto,F_S_TruncPareto,Uniform,F_TruncPareto,1.0,200,34404,10,2.0527327080000006,0.0,0
200,200,20,F_TruncPareto,F_S_TruncPareto,Uniform,F_TruncExponential,1.0,200,34935,11,1.964607375,0.0,0
200,200,20,F_TruncPareto,F_S_TruncPareto,Uniform,Uniform,1.0,200,35401,12,1.9024526249999951,0.0,0
200,200,20,F_TruncPareto,F_S_TruncPareto,Uniform,TruncExponential,1.0,200,35128,13,1.885826209000001,0.0,0
200,200,20,F_TruncPareto,F_S_TruncPareto,Uniform,TruncPareto,1.0,200,35240,14,2.4915192919999996,0.0,0
200,200,20,F_TruncPareto,F_S_TruncPareto,TruncExponential,F_TruncPareto,1.0,200,35119,15,1.604294958000004,0.0,0
200,200,20,F_TruncPareto,F_S_TruncPareto,TruncExponential,F_TruncExponential,1.0,200,34901,16,1.632440041999999,0.0,0
200,200,20,F_TruncPareto,F_S_TruncPareto,TruncExponential,Uniform,1.0,200,34391,17,2.0370924169999967,0.0,0
200,200,20,F_TruncPareto,F_S_TruncPareto,TruncExponential,TruncExponential,1.0,200,34714,18,1.965168792,0.0,0
200,200,20,F_TruncPareto,F_S_TruncPareto,TruncExponential,TruncPareto,1.0,200,35531,19,1.921634417,0.0,0
200,200,20,F_TruncPareto,F_S_TruncPareto,TruncPareto,F_TruncPareto,1.0,200,35774,20,2.259695999999998,0.005,1
200,200,20,F_TruncPareto,F_S_TruncPareto,TruncPareto,F_TruncExponential,1.0,200,35136,21,2.703304334000002,0.0,0
200,200,20,F_TruncPareto,F_S_TruncPareto,TruncPareto,Uniform,1.0,200,35466,22,2.298511832999999,0.0,0
200,200,20,F_TruncPareto,F_S_TruncPareto,TruncPareto,TruncExponential,1.0,200,35213,23,2.316413459000003,0.0,0
200,200,20,F_TruncPareto,F_S_TruncPareto,TruncPareto,TruncPareto,1.0,200,35611,24,2.194978875000004,0.0,0
200,200,20,F_TruncPareto,F_S_TruncExponential,F_TruncPareto,F_TruncPareto,1.0,200,35181,25,2.8652743749999985,0.0,0
200,200,20,F_TruncPareto,F_S_TruncExponential,F_TruncPareto,F_TruncExponential,1.0,200,34635,26,3.0753118340000043,0.0,0
200,200,20,F_TruncPareto,F_S_TruncExponential,F_TruncPareto,Uniform,1.0,200,34715,27,2.805198915999995,0.0,0
200,200,20,F_TruncPareto,F_S_TruncExponential,F_TruncPareto,TruncExponential,1.0,200,35336,28,2.866494750000001,0.0,0
200,200,20,F_TruncPareto,F_S_TruncExponential,F_TruncPareto,TruncPareto,1.0,200,34953,29,2.6848444580000006,0.0,0
200,200,20,F_TruncPareto,F_S_TruncExponential,F_TruncExponential,F_TruncPareto,1.0,200,35270,30,3.0048742079999897,0.0,0
200,200,20,F_TruncPareto,F_S_TruncExponential,F_TruncExponential,F_TruncExponential,1.0,200,34983,31,2.8805942910000084,0.0,0
200,200,20,F_TruncPareto,F_S_TruncExponential,F_TruncExponential,Uniform,1.0,200,34988,32,2.9623440000000016,0.0,0
200,200,20,F_TruncPareto,F_S_TruncExponential,F_TruncExponential,TruncExponential,1.0,200,35015,33,2.638162207999997,0.0,0
200,200,20,F_TruncPareto,F_S_TruncExponential,F_TruncExponential,TruncPareto,1.0,200,35199,34,2.6793761250000045,0.0,0
200,200,20,F_TruncPareto,F_S_TruncExponential,Uniform,F_TruncPareto,1.0,200,35252,35,2.396562000000003,0.0,0
200,200,20,F_TruncPareto,F_S_TruncExponential,Uniform,F_TruncExponential,1.0,200,35394,36,2.489513959000007,0.0,0
200,200,20,F_TruncPareto,F_S_TruncExponential,Uniform,Uniform,1.0,200,35053,37,2.2648310420000115,0.0,0
200,200,20,F_TruncPareto,F_S_TruncExponential,Uniform,TruncExponential,1.0,200,35040,38,2.0891801660000056,0.0,0
200,200,20,F_TruncPareto,F_S_TruncExponential,Uniform,TruncPareto,1.0,200,35084,39,2.185269207999994,0.0,0
200,200,20,F_TruncPareto,F_S_TruncExponential,TruncExponential,F_TruncPareto,1.0,200,34574,40,1.7343387500000063,0.0,0
200,200,20,F_TruncPareto,F_S_TruncExponential,TruncExponential,F_TruncExponential,1.0,200,35240,41,1.7629577499999982,0.0,0
200,200,20,F_TruncPareto,F_S_TruncExponential,TruncExponential,Uniform,1.0,200,35594,42,1.7555035419999996,0.0,0
200,200,20,F_TruncPareto,F_S_TruncExponential,TruncExponential,TruncExponential,1.0,200,35615,43,2.3373199589999984,0.0,0
200,200,20,F_TruncPareto,F_S_TruncExponential,TruncExponential,TruncPareto,1.0,200,34847,44,1.6173104590000094,0.0,0
200,200,20,F_TruncPareto,F_S_TruncExponential,TruncPareto,F_TruncPareto,1.0,200,34918,45,1.912140457999996,0.0,0
200,200,20,F_TruncPareto,F_S_TruncExponential,TruncPareto,F_TruncExponential,1.0,200,35649,46,2.375601416000009,0.0,0
200,200,20,F_TruncPareto,F_S_TruncExponential,TruncPareto,Uniform,1.0,200,35543,47,1.8682959169999975,0.0,0
200,200,20,F_TruncPareto,F_S_TruncExponential,TruncPareto,TruncExponential,1.0,200,34825,48,2.183059708000002,0.0,0
200,200,20,F_TruncPareto,F_S_TruncExponential,TruncPareto,TruncPareto,1.0,200,35836,49,2.3496989579999905,0.0,0
200,200,20,F_TruncPareto,S_TruncExponential,F_TruncPareto,F_TruncPareto,1.0,200,34998,50,5.384002499999994,0.065,13
200,200,20,F_TruncPareto,S_TruncExponential,F_TruncPareto,F_TruncExponential,1.0,200,34764,51,7.054512125000002,0.085,17
200,200,20,F_TruncPareto,S_TruncExponential,F_TruncPareto,Uniform,1.0,200,35414,52,5.128994917,0.01,2
200,200,20,F_TruncPareto,S_TruncExponential,F_TruncPareto,TruncExponential,1.0,200,35049,53,4.893047084000017,0.0,0
200,200,20,F_TruncPareto,S_TruncExponential,F_TruncPareto,TruncPareto,1.0,200,35151,54,4.828940290999981,0.01,2
200,200,20,F_TruncPareto,S_TruncExponential,F_TruncExponential,F_TruncPareto,1.0,200,35130,55,4.7336768339999935,0.115,23
200,200,20,F_TruncPareto,S_TruncExponential,F_TruncExponential,F_TruncExponential,1.0,200,35382,56,4.792766959000005,0.085,17
200,200,20,F_TruncPareto,S_TruncExponential,F_TruncExponential,Uniform,1.0,200,35380,57,4.543612916000001,0.01,2
200,200,20,F_TruncPareto,S_TruncExponential,F_TruncExponential,TruncExponential,1.0,200,35289,58,4.4013226670000165,0.06,12
200,200,20,F_TruncPareto,S_TruncExponential,F_TruncExponential,TruncPareto,1.0,200,34843,59,4.461293791999992,0.0,0
200,200,20,F_TruncPareto,S_TruncExponential,Uniform,F_TruncPareto,1.0,200,35281,60,3.412480084000009,0.46,92
200,200,20,F_TruncPareto,S_TruncExponential,Uniform,F_TruncExponential,1.0,200,34321,61,3.099533500000007,0.445,89
200,200,20,F_TruncPareto,S_TruncExponential,Uniform,Uniform,1.0,200,35432,62,3.97381737500001,0.01,2
200,200,20,F_TruncPareto,S_TruncExponential,Uniform,TruncExponential,1.0,200,35064,63,3.210926332999975,0.26,52
200,200,20,F_TruncPareto,S_TruncExponential,Uniform,TruncPareto,1.0,200,35303,64,3.373727500000001,0.22,44
200,200,20,F_TruncPareto,S_TruncExponential,TruncExponential,F_TruncPareto,1.0,200,35130,65,1.992668167000005,0.845,169
200,200,20,F_TruncPareto,S_TruncExponential,TruncExponential,F_TruncExponential,1.0,200,34646,66,1.9110972500000116,0.825,165
200,200,20,F_TruncPareto,S_TruncExponential,TruncExponential,Uniform,1.0,200,35095,67,1.8498720409999976,0.7,140
200,200,20,F_TruncPareto,S_TruncExponential,TruncExponential,TruncExponential,1.0,200,34084,68,1.9984905409999953,0.6,120
200,200,20,F_TruncPareto,S_TruncExponential,TruncExponential,TruncPareto,1.0,200,34994,69,1.9876510420000102,0.625,125
200,200,20,F_TruncPareto,S_TruncExponential,TruncPareto,F_TruncPareto,1.0,200,34302,70,1.5054793329999825,0.97,194
200,200,20,F_TruncPareto,S_TruncExponential,TruncPareto,F_TruncExponential,1.0,200,35184,71,2.0669024999999976,0.94,188
200,200,20,F_TruncPareto,S_TruncExponential,TruncPareto,Uniform,1.0,200,34933,72,1.9298492080000074,0.905,181
200,200,20,F_TruncPareto,S_TruncExponential,TruncPareto,TruncExponential,1.0,200,35437,73,1.4779221670000027,0.88,176
200,200,20,F_TruncPareto,S_TruncExponential,TruncPareto,TruncPareto,1.0,200,35071,74,1.4399572920000026,0.865,173
200,200,20,F_TruncPareto,S_TruncPareto,F_TruncPareto,F_TruncPareto,1.0,200,34786,75,5.386849124999998,0.03,6
200,200,20,F_TruncPareto,S_TruncPareto,F_TruncPareto,F_TruncExponential,1.0,200,35266,76,7.0149835,0.145,29
200,200,20,F_TruncPareto,S_TruncPareto,F_TruncPareto,Uniform,1.0,200,34958,77,5.137917916999982,0.055,11
200,200,20,F_TruncPareto,S_TruncPareto,F_TruncPareto,TruncExponential,1.0,200,34698,78,4.950106707999993,0.0,0
200,200,20,F_TruncPareto,S_TruncPareto,F_TruncPareto,TruncPareto,1.0,200,34447,79,4.876019458999991,0.02,4
200,200,20,F_TruncPareto,S_TruncPareto,F_TruncExponential,F_TruncPareto,1.0,200,35606,80,6.30129125000002,0.335,67
200,200,20,F_TruncPareto,S_TruncPareto,F_TruncExponential,F_TruncExponential,1.0,200,35764,81,6.326921916999993,0.245,49
200,200,20,F_TruncPareto,S_TruncPareto,F_TruncExponential,Uniform,1.0,200,35367,82,9.077036916999987,0.0,0
200,200,20,F_TruncPareto,S_TruncPareto,F_TruncExponential,TruncExponential,0.995,199,34469,83,4.596399374999976,0.03,6
200,200,20,F_TruncPareto,S_TruncPareto,F_TruncExponential,TruncPareto,1.0,200,34943,84,4.300732792000019,0.055,11
200,200,20,F_TruncPareto,S_TruncPareto,Uniform,F_TruncPareto,1.0,200,34443,85,3.30054520799996,0.635,127
200,200,20,F_TruncPareto,S_TruncPareto,Uniform,F_TruncExponential,1.0,200,34920,86,3.311280207999971,0.54,108
200,200,20,F_TruncPareto,S_TruncPareto,Uniform,Uniform,1.0,200,35154,87,3.303052125000022,0.37,74
200,200,20,F_TruncPareto,S_TruncPareto,Uniform,TruncExponential,1.0,200,35201,88,3.266027957999995,0.335,67
200,200,20,F_TruncPareto,S_TruncPareto,Uniform,TruncPareto,1.0,200,34837,89,3.284858457999974,0.26,52
200,200,20,F_TruncPareto,S_TruncPareto,TruncExponential,F_TruncPareto,1.0,200,34855,90,1.9371820830000388,0.93,186
200,200,20,F_TruncPareto,S_TruncPareto,TruncExponential,F_TruncExponential,1.0,200,35114,91,2.0268362500000308,0.845,169
200,200,20,F_TruncPareto,S_TruncPareto,TruncExponential,Uniform,1.0,200,35138,92,2.6010079579999683,0.76,152
200,200,20,F_TruncPareto,S_TruncPareto,TruncExponential,TruncExponential,1.0,200,34429,93,1.9367721250000045,0.68,136
200,200,20,F_TruncPareto,S_TruncPareto,TruncExponential,TruncPareto,1.0,200,34717,94,1.8805934579999644,0.715,143
200,200,20,F_TruncPareto,S_TruncPareto,TruncPareto,F_TruncPareto,0.995,199,34691,95,1.4356153330000438,0.98,196
200,200,20,F_TruncPareto,S_TruncPareto,TruncPareto,F_TruncExponential,1.0,200,35135,96,1.3900544580000087,0.98,196
200,200,20,F_TruncPareto,S_TruncPareto,TruncPareto,Uniform,1.0,200,35340,97,1.6607854999999745,0.925,185
200,200,20,F_TruncPareto,S_TruncPareto,TruncPareto,TruncExponential,1.0,200,34742,98,1.546994208000001,0.85,170
200,200,20,F_TruncPareto,S_TruncPareto,TruncPareto,TruncPareto,1.0,200,34888,99,1.6277164159999984,0.85,170
200,200,20,F_TruncExponential,F_S_TruncPareto,F_TruncPareto,F_TruncPareto,1.0,200,30673,100,1.5624599170000124,0.01,2
200,200,20,F_TruncExponential,F_S_TruncPareto,F_TruncPareto,F_TruncExponential,1.0,200,30719,101,1.542103749999967,0.0,0
200,200,20,F_TruncExponential,F_S_TruncPareto,F_TruncPareto,Uniform,1.0,200,30542,102,1.4871421670000018,0.0,0
200,200,20,F_TruncExponential,F_S_TruncPareto,F_TruncPareto,TruncExponential,1.0,200,30311,103,2.1474438340000006,0.0,0
200,200,20,F_TruncExponential,F_S_TruncPareto,F_TruncPareto,TruncPareto,1.0,200,29794,104,1.951547708000021,0.0,0
200,200,20,F_TruncExponential,F_S_TruncPareto,F_TruncExponential,F_TruncPareto,1.0,200,30646,105,1.373109124999985,0.0,0
200,200,20,F_TruncExponential,F_S_TruncPareto,F_TruncExponential,F_TruncExponential,1.0,200,30007,106,2.089116790999981,0.005,1
200,200,20,F_TruncExponential,F_S_TruncPareto,F_TruncExponential,Uniform,1.0,200,30530,107,1.4497845000000211,0.0,0
200,200,20,F_TruncExponential,F_S_TruncPareto,F_TruncExponential,TruncExponential,1.0,200,30945,108,1.3759133330000282,0.005,1
200,200,20,F_TruncExponential,F_S_TruncPareto,F_TruncExponential,TruncPareto,1.0,200,30262,109,2.0586707919999867,0.01,2
200,200,20,F_TruncExponential,F_S_TruncPareto,Uniform,F_TruncPareto,1.0,200,31418,110,1.985246084000039,0.0,0
200,200,20,F_TruncExponential,F_S_TruncPareto,Uniform,F_TruncExponential,1.0,200,31268,111,1.892618500000026,0.005,1
200,200,20,F_TruncExponential,F_S_TruncPareto,Uniform,Uniform,1.0,200,30740,112,1.7596230830000081,0.005,1
200,200,20,F_TruncExponential,F_S_TruncPareto,Uniform,TruncExponential,1.0,200,31722,113,1.709177000000011,0.0,0
200,200,20,F_TruncExponential,F_S_TruncPareto,Uniform,TruncPareto,1.0,200,31102,114,1.7534953339999788,0.0,0
200,200,20,F_TruncExponential,F_S_TruncPareto,TruncExponential,F_TruncPareto,1.0,200,31337,115,1.987445374999993,0.0,0
200,200,20,F_TruncExponential,F_S_TruncPareto,TruncExponential,F_TruncExponential,1.0,200,30705,116,1.488947708000012,0.01,2
200,200,20,F_TruncExponential,F_S_TruncPareto,TruncExponential,Uniform,1.0,200,31142,117,1.4677379580000434,0.01,2
200,200,20,F_TruncExponential,F_S_TruncPareto,TruncExponential,TruncExponential,1.0,200,31271,118,1.8605029999999942,0.005,1
200,200,20,F_TruncExponential,F_S_TruncPareto,TruncExponential,TruncPareto,1.0,200,30800,119,1.8242629999999735,0.01,2
200,200,20,F_TruncExponential,F_S_TruncPareto,TruncPareto,F_TruncPareto,1.0,200,30576,120,2.057659875000013,0.005,1
200,200,20,F_TruncExponential,F_S_TruncPareto,TruncPareto,F_TruncExponential,1.0,200,30880,121,2.050745750000033,0.01,2
200,200,20,F_TruncExponential,F_S_TruncPareto,TruncPareto,Uniform,1.0,200,31588,122,2.1130435000000034,0.005,1
200,200,20,F_TruncExponential,F_S_TruncPareto,TruncPareto,TruncExponential,1.0,200,31424,123,2.0777152079999723,0.0,0
200,200,20,F_TruncExponential,F_S_TruncPareto,TruncPareto,TruncPareto,1.0,200,32674,124,1.7152391249999823,0.01,2
200,200,20,F_TruncExponential,F_S_TruncExponential,F_TruncPareto,F_TruncPareto,1.0,200,30618,125,1.915444458999957,0.0,0
200,200,20,F_TruncExponential,F_S_TruncExponential,F_TruncPareto,F_TruncExponential,1.0,200,30903,126,2.7141112500000304,0.0,0
200,200,20,F_TruncExponential,F_S_TruncExponential,F_TruncPareto,Uniform,1.0,200,31359,127,2.715151125000034,0.0,0
200,200,20,F_TruncExponential,F_S_TruncExponential,F_TruncPareto,TruncExponential,1.0,200,30596,128,1.6451534160000278,0.0,0
200,200,20,F_TruncExponential,F_S_TruncExponential,F_TruncPareto,TruncPareto,1.0,200,30450,129,2.3710717499999987,0.0,0
200,200,20,F_TruncExponential,F_S_TruncExponential,F_TruncExponential,F_TruncPareto,1.0,200,31658,130,2.631511083000021,0.0,0
200,200,20,F_TruncExponential,F_S_TruncExponential,F_TruncExponential,F_TruncExponential,1.0,200,31255,131,2.742742167000017,0.0,0
200,200,20,F_TruncExponential,F_S_TruncExponential,F_TruncExponential,Uniform,1.0,200,30501,132,1.7289413749999767,0.0,0
200,200,20,F_TruncExponential,F_S_TruncExponential,F_TruncExponential,TruncExponential,1.0,200,31211,133,2.4561624159999838,0.0,0
200,200,20,F_TruncExponential,F_S_TruncExponential,F_TruncExponential,TruncPareto,1.0,200,30916,134,2.4153385000000185,0.0,0
200,200,20,F_TruncExponential,F_S_TruncExponential,Uniform,F_TruncPareto,1.0,200,30453,135,2.1429640000000063,0.0,0
200,200,20,F_TruncExponential,F_S_TruncExponential,Uniform,F_TruncExponential,1.0,200,31606,136,2.2931510409999873,0.0,0
200,200,20,F_TruncExponential,F_S_TruncExponential,Uniform,Uniform,1.0,200,30858,137,2.1711620419999917,0.0,0
200,200,20,F_TruncExponential,F_S_TruncExponential,Uniform,TruncExponential,1.0,200,30294,138,2.027839583000002,0.0,0
200,200,20,F_TruncExponential,F_S_TruncExponential,Uniform,TruncPareto,1.0,200,30275,139,1.9953585839999732,0.0,0
200,200,20,F_TruncExponential,F_S_TruncExponential,TruncExponential,F_TruncPareto,1.0,200,29646,140,1.611935083999981,0.0,0
200,200,20,F_TruncExponential,F_S_TruncExponential,TruncExponential,F_TruncExponential,1.0,200,30984,141,1.5954607090000081,0.0,0
200,200,20,F_TruncExponential,F_S_TruncExponential,TruncExponential,Uniform,1.0,200,30403,142,1.5432316669999864,0.0,0
200,200,20,F_TruncExponential,F_S_TruncExponential,TruncExponential,TruncExponential,1.0,200,30181,143,1.5390805409999757,0.0,0
200,200,20,F_TruncExponential,F_S_TruncExponential,TruncExponential,TruncPareto,1.0,200,30488,144,1.5017601250000325,0.0,0
200,200,20,F_TruncExponential,F_S_TruncExponential,TruncPareto,F_TruncPareto,1.0,200,30754,145,1.3517210410000189,0.0,0
200,200,20,F_TruncExponential,F_S_TruncExponential,TruncPareto,F_TruncExponential,1.0,200,30359,146,1.6885948339999572,0.0,0
200,200,20,F_TruncExponential,F_S_TruncExponential,TruncPareto,Uniform,1.0,200,31343,147,1.7235842090000233,0.0,0
200,200,20,F_TruncExponential,F_S_TruncExponential,TruncPareto,TruncExponential,1.0,200,30864,148,1.735768916999973,0.0,0
200,200,20,F_TruncExponential,F_S_TruncExponential,TruncPareto,TruncPareto,1.0,200,30217,149,0.8471877919999997,0.0,0
200,200,20,F_TruncExponential,S_TruncExponential,F_TruncPareto,F_TruncPareto,1.0,200,30918,150,7.067745124999988,0.085,17
200,200,20,F_TruncExponential,S_TruncExponential,F_TruncPareto,F_TruncExponential,1.0,200,31210,151,6.925146417000008,0.03,6
200,200,20,F_TruncExponential,S_TruncExponential,F_TruncPareto,Uniform,1.0,200,30339,152,5.0301522089999935,0.01,2
200,200,20,F_TruncExponential,S_TruncExponential,F_TruncPareto,TruncExponential,1.0,200,30789,153,4.754620917000011,0.015,3
200,200,20,F_TruncExponential,S_TruncExponential,F_TruncPareto,TruncPareto,1.0,200,31244,154,4.8731788340000435,0.005,1
200,200,20,F_TruncExponential,S_TruncExponential,F_TruncExponential,F_TruncPareto,1.0,200,30030,155,4.694365542000014,0.13,26
200,200,20,F_TruncExponential,S_TruncExponential,F_TruncExponential,F_TruncExponential,1.0,200,31116,156,4.56286458400001,0.1,20
200,200,20,F_TruncExponential,S_TruncExponential,F_TruncExponential,Uniform,1.0,200,31590,157,4.5321424170000455,0.065,13
200,200,20,F_TruncExponential,S_TruncExponential,F_TruncExponential,TruncExponential,1.0,200,30595,158,4.335042166999983,0.03,6
200,200,20,F_TruncExponential,S_TruncExponential,F_TruncExponential,TruncPareto,1.0,200,30346,159,4.47206883299998,0.035,7
200,200,20,F_TruncExponential,S_TruncExponential,Uniform,F_TruncPareto,1.0,200,31579,160,3.3028055830000085,0.46,92
200,200,20,F_TruncExponential,S_TruncExponential,Uniform,F_TruncExponential,1.0,200,31709,161,3.092574082999988,0.435,87
200,200,20,F_TruncExponential,S_TruncExponential,Uniform,Uniform,1.0,200,31316,162,3.191251292000004,0.265,53
200,200,20,F_TruncExponential,S_TruncExponential,Uniform,TruncExponential,1.0,200,30019,163,3.204920290999951,0.245,49
200,200,20,F_TruncExponential,S_TruncExponential,Uniform,TruncPareto,1.0,200,30057,164,3.040294416999984,0.275,55
200,200,20,F_TruncExponential,S_TruncExponential,TruncExponential,F_TruncPareto,1.0,200,30778,165,1.856072250000011,0.86,172
200,200,20,F_TruncExponential,S_TruncExponential,TruncExponential,F_TruncExponential,1.0,200,31350,166,2.0294668750000255,0.77,154
200,200,20,F_TruncExponential,S_TruncExponential,TruncExponential,Uniform,1.0,200,30210,167,1.9665947909999772,0.665,133
200,200,20,F_TruncExponential,S_TruncExponential,TruncExponential,TruncExponential,1.0,200,30627,168,1.7977971249999882,0.66,132
200,200,20,F_TruncExponential,S_TruncExponential,TruncExponential,TruncPareto,1.0,200,30207,169,1.8499463750000018,0.605,121
200,200,20,F_TruncExponential,S_TruncExponential,TruncPareto,F_TruncPareto,1.0,200,30343,170,0.9221139169999901,0.965,193
200,200,20,F_TruncExponential,S_TruncExponential,TruncPareto,F_TruncExponential,1.0,200,31008,171,0.9002854589999743,0.97,194
200,200,20,F_TruncExponential,S_TruncExponential,TruncPareto,Uniform,1.0,200,31314,172,1.4116013330000214,0.875,175
200,200,20,F_TruncExponential,S_TruncExponential,TruncPareto,TruncExponential,1.0,200,31001,173,0.91482208299999,0.855,171
200,200,20,F_TruncExponential,S_TruncExponential,TruncPareto,TruncPareto,1.0,200,30705,174,0.9028475420000177,0.83,166
200,200,20,F_TruncExponential,S_TruncPareto,F_TruncPareto,F_TruncPareto,0.99,198,30427,175,5.182150999999976,0.2,40
200,200,20,F_TruncExponential,S_TruncPareto,F_TruncPareto,F_TruncExponential,0.995,199,30593,176,5.247103207999999,0.105,21
200,200,20,F_TruncExponential,S_TruncPareto,F_TruncPareto,Uniform,1.0,200,30941,177,5.159094917000061,0.05,10
200,200,20,F_TruncExponential,S_TruncPareto,F_TruncPareto,TruncExponential,1.0,200,32174,178,4.926541416999953,0.015,3
200,200,20,F_TruncExponential,S_TruncPareto,F_TruncPareto,TruncPareto,1.0,200,31163,179,4.8772683749999715,0.025,5
200,200,20,F_TruncExponential,S_TruncPareto,F_TruncExponential,F_TruncPareto,1.0,200,31817,180,4.775534333999985,0.385,77
200,200,20,F_TruncExponential,S_TruncPareto,F_TruncExponential,F_TruncExponential,1.0,200,30997,181,4.940163499999926,0.235,47
200,200,20,F_TruncExponential,S_TruncPareto,F_TruncExponential,Uniform,1.0,200,30453,182,4.413819290999982,0.13,26
200,200,20,F_TruncExponential,S_TruncPareto,F_TruncExponential,TruncExponential,0.995,199,31022,183,4.544074125000066,0.045,9
200,200,20,F_TruncExponential,S_TruncPareto,F_TruncExponential,TruncPareto,1.0,200,31429,184,4.313544374999992,0.075,15
200,200,20,F_TruncExponential,S_TruncPareto,Uniform,F_TruncPareto,1.0,200,30813,185,3.1477672080000048,0.615,123
200,200,20,F_TruncExponential,S_TruncPareto,Uniform,F_TruncExponential,1.0,200,29888,186,3.2213692499999524,0.53,106
200,200,20,F_TruncExponential,S_TruncPareto,Uniform,Uniform,1.0,200,31594,187,3.130695166999999,0.365,73
200,200,20,F_TruncExponential,S_TruncPareto,Uniform,TruncExponential,1.0,200,31351,188,3.245512749999989,0.34,68
200,200,20,F_TruncExponential,S_TruncPareto,Uniform,TruncPareto,1.0,200,31358,189,2.887427042000013,0.38,76
200,200,20,F_TruncExponential,S_TruncPareto,TruncExponential,F_TruncPareto,1.0,200,30138,190,1.710424167000042,0.93,186
200,200,20,F_TruncExponential,S_TruncPareto,TruncExponential,F_TruncExponential,1.0,200,31651,191,1.8916340829999854,0.855,171
200,200,20,F_TruncExponential,S_TruncPareto,TruncExponential,Uniform,0.995,199,31456,192,1.784655374999943,0.775,155
200,200,20,F_TruncExponential,S_TruncPareto,TruncExponential,TruncExponential,1.0,200,29965,193,1.9928377910000563,0.665,133
200,200,20,F_TruncExponential,S_TruncPareto,TruncExponential,TruncPareto,1.0,200,31261,194,1.7452655000000732,0.725,145
200,200,20,F_TruncExponential,S_TruncPareto,TruncPareto,F_TruncPareto,1.0,200,30724,195,1.417960125000036,0.975,195
200,200,20,F_TruncExponential,S_TruncPareto,TruncPareto,F_TruncExponential,1.0,200,31072,196,1.0173564169999736,0.93,186
200,200,20,F_TruncExponential,S_TruncPareto,TruncPareto,Uniform,1.0,200,30986,197,1.787350292000042,0.93,186
200,200,20,F_TruncExponential,S_TruncPareto,TruncPareto,TruncExponential,1.0,200,31066,198,1.8757292909999705,0.86,172
200,200,20,F_TruncExponential,S_TruncPareto,TruncPareto,TruncPareto,1.0,200,29664,199,1.32722395899998,0.91,182
200,200,20,Uniform,F_S_TruncPareto,F_TruncPareto,F_TruncPareto,1.0,200,19788,200,1.1055287919999728,0.04,8
200,200,20,Uniform,F_S_TruncPareto,F_TruncPareto,F_TruncExponential,1.0,200,20081,201,1.0935890419999623,0.025,5
200,200,20,Uniform,F_S_TruncPareto,F_TruncPareto,Uniform,1.0,200,20764,202,1.0983073339999692,0.01,2
200,200,20,Uniform,F_S_TruncPareto,F_TruncPareto,TruncExponential,1.0,200,20185,203,1.074801250000064,0.025,5
200,200,20,Uniform,F_S_TruncPareto,F_TruncPareto,TruncPareto,1.0,200,19522,204,1.0513398340000322,0.01,2
200,200,20,Uniform,F_S_TruncPareto,F_TruncExponential,F_TruncPareto,1.0,200,20506,205,1.0831303329999855,0.025,5
200,200,20,Uniform,F_S_TruncPareto,F_TruncExponential,F_TruncExponential,1.0,200,20426,206,1.1057321250000314,0.01,2
200,200,20,Uniform,F_S_TruncPareto,F_TruncExponential,Uniform,1.0,200,19927,207,1.0939890419999756,0.02,4
200,200,20,Uniform,F_S_TruncPareto,F_TruncExponential,TruncExponential,1.0,200,19503,208,1.0418487499999856,0.03,6
200,200,20,Uniform,F_S_TruncPareto,F_TruncExponential,TruncPareto,1.0,200,20325,209,1.1158218750000515,0.03,6
200,200,20,Uniform,F_S_TruncPareto,Uniform,F_TruncPareto,1.0,200,18987,210,0.9761835000000474,0.015,3
200,200,20,Uniform,F_S_TruncPareto,Uniform,F_TruncExponential,1.0,200,20958,211,1.009756083999946,0.005,1
200,200,20,Uniform,F_S_TruncPareto,Uniform,Uniform,1.0,200,20093,212,0.948553625000045,0.02,4
200,200,20,Uniform,F_S_TruncPareto,Uniform,TruncExponential,1.0,200,19306,213,0.9313940419999653,0.03,6
200,200,20,Uniform,F_S_TruncPareto,Uniform,TruncPareto,1.0,200,17995,214,0.8712375420000171,0.04,8
200,200,20,Uniform,F_S_TruncPareto,TruncExponential,F_TruncPareto,1.0,200,19649,215,0.837925041999938,0.045,9
200,200,20,Uniform,F_S_TruncPareto,TruncExponential,F_TruncExponential,1.0,200,19882,216,0.8415430420000121,0.02,4
200,200,20,Uniform,F_S_TruncPareto,TruncExponential,Uniform,1.0,200,19823,217,1.2139900829999988,0.02,4
200,200,20,Uniform,F_S_TruncPareto,TruncExponential,TruncExponential,1.0,200,19712,218,0.8530799170000591,0.015,3
200,200,20,Uniform,F_S_TruncPareto,TruncExponential,TruncPareto,1.0,200,20761,219,0.8229624159999958,0.005,1
200,200,20,Uniform,F_S_TruncPareto,TruncPareto,F_TruncPareto,1.0,200,21906,220,1.5206224170000269,0.02,4
200,200,20,Uniform,F_S_TruncPareto,TruncPareto,F_TruncExponential,1.0,200,20789,221,0.7697624999999562,0.035,7
200,200,20,Uniform,F_S_TruncPareto,TruncPareto,Uniform,1.0,200,20464,222,0.7525815000000193,0.015,3
200,200,20,Uniform,F_S_TruncPareto,TruncPareto,TruncExponential,1.0,200,22708,223,1.1409999160000552,0.0,0
200,200,20,Uniform,F_S_TruncPareto,TruncPareto,TruncPareto,1.0,200,19604,224,0.7497924580000017,0.01,2
200,200,20,Uniform,F_S_TruncExponential,F_TruncPareto,F_TruncPareto,1.0,200,20300,225,1.4191640000000234,0.005,1
200,200,20,Uniform,F_S_TruncExponential,F_TruncPareto,F_TruncExponential,1.0,200,20043,226,1.4404634999999644,0.015,3
200,200,20,Uniform,F_S_TruncExponential,F_TruncPareto,Uniform,1.0,200,20356,227,1.3911439580000433,0.005,1
200,200,20,Uniform,F_S_TruncExponential,F_TruncPareto,TruncExponential,1.0,200,20084,228,1.3087663329999941,0.015,3
200,200,20,Uniform,F_S_TruncExponential,F_TruncPareto,TruncPareto,1.0,200,20149,229,1.3803916250000157,0.0,0
200,200,20,Uniform,F_S_TruncExponential,F_TruncExponential,F_TruncPareto,1.0,200,19848,230,1.5217155419999244,0.0,0
200,200,20,Uniform,F_S_TruncExponential,F_TruncExponential,F_TruncExponential,1.0,200,19840,231,1.353553207999994,0.0,0
200,200,20,Uniform,F_S_TruncExponential,F_TruncExponential,Uniform,1.0,200,18288,232,1.223665708999988,0.015,3
200,200,20,Uniform,F_S_TruncExponential,F_TruncExponential,TruncExponential,1.0,200,19725,233,1.3051422499999035,0.0,0
200,200,20,Uniform,F_S_TruncExponential,F_TruncExponential,TruncPareto,1.0,200,19941,234,1.353864499999986,0.0,0
200,200,20,Uniform,F_S_TruncExponential,Uniform,F_TruncPareto,1.0,200,19737,235,1.2292716670000345,0.0,0
200,200,20,Uniform,F_S_TruncExponential,Uniform,F_TruncExponential,1.0,200,20496,236,1.3475176250000231,0.0,0
200,200,20,Uniform,F_S_TruncExponential,Uniform,Uniform,1.0,200,20813,237,1.306349415999989,0.0,0
200,200,20,Uniform,F_S_TruncExponential,Uniform,TruncExponential,1.0,200,20876,238,1.1340702909999436,0.0,0
200,200,20,Uniform,F_S_TruncExponential,Uniform,TruncPareto,1.0,200,19886,239,1.1522174579999955,0.0,0
200,200,20,Uniform,F_S_TruncExponential,TruncExponential,F_TruncPareto,1.0,200,19424,240,0.9442308750000166,0.0,0
200,200,20,Uniform,F_S_TruncExponential,TruncExponential,F_TruncExponential,1.0,200,19443,241,0.8935320409999576,0.005,1
200,200,20,Uniform,F_S_TruncExponential,TruncExponential,Uniform,1.0,200,20573,242,0.906706708999991,0.0,0
200,200,20,Uniform,F_S_TruncExponential,TruncExponential,TruncExponential,1.0,200,20550,243,0.9065548329999729,0.0,0
200,200,20,Uniform,F_S_TruncExponential,TruncExponential,TruncPareto,1.0,200,19905,244,0.8744088339999507,0.005,1
200,200,20,Uniform,F_S_TruncExponential,TruncPareto,F_TruncPareto,1.0,200,20467,245,0.7898920410000301,0.01,2
200,200,20,Uniform,F_S_TruncExponential,TruncPareto,F_TruncExponential,1.0,200,20287,246,0.7846213750000288,0.0,0
200,200,20,Uniform,F_S_TruncExponential,TruncPareto,Uniform,1.0,200,20199,247,1.53717800000004,0.0,0
200,200,20,Uniform,F_S_TruncExponential,TruncPareto,TruncExponential,1.0,200,21013,248,0.7847182909999901,0.005,1
200,200,20,Uniform,F_S_TruncExponential,TruncPareto,TruncPareto,1.0,200,19336,249,0.7692855420000342,0.0,0
200,200,20,Uniform,S_TruncExponential,F_TruncPareto,F_TruncPareto,1.0,200,18460,250,5.110248999999953,0.025,5
200,200,20,Uniform,S_TruncExponential,F_TruncPareto,F_TruncExponential,0.995,199,19360,251,4.928107957999941,0.045,9
200,200,20,Uniform,S_TruncExponential,F_TruncPareto,Uniform,1.0,200,19808,252,4.762132124999994,0.01,2
200,200,20,Uniform,S_TruncExponential,F_TruncPareto,TruncExponential,1.0,200,20957,253,4.375769291999973,0.005,1
200,200,20,Uniform,S_TruncExponential,F_TruncPareto,TruncPareto,1.0,200,19994,254,4.333355332999986,0.025,5
200,200,20,Uniform,S_TruncExponential,F_TruncExponential,F_TruncPareto,1.0,200,18491,255,4.60152666700003,0.115,23
200,200,20,Uniform,S_TruncExponential,F_TruncExponential,F_TruncExponential,1.0,200,18956,256,4.4698412919999555,0.105,21
200,200,20,Uniform,S_TruncExponential,F_TruncExponential,Uniform,1.0,200,20792,257,4.49137620800002,0.045,9
200,200,20,Uniform,S_TruncExponential,F_TruncExponential,TruncExponential,1.0,200,21600,258,4.222733791999985,0.04,8
200,200,20,Uniform,S_TruncExponential,F_TruncExponential,TruncPareto,1.0,200,21002,259,4.2628307090000135,0.02,4
200,200,20,Uniform,S_TruncExponential,Uniform,F_TruncPareto,1.0,200,21031,260,3.212484291999999,0.465,93
200,200,20,Uniform,S_TruncExponential,Uniform,F_TruncExponential,1.0,200,20034,261,3.1765162499999633,0.395,79
200,200,20,Uniform,S_TruncExponential,Uniform,Uniform,1.0,200,20306,262,3.0510328340000115,0.265,53
200,200,20,Uniform,S_TruncExponential,Uniform,TruncExponential,1.0,200,19265,263,2.9198242500000333,0.24,48
200,200,20,Uniform,S_TruncExponential,Uniform,TruncPareto,1.0,200,21243,264,2.820681416999946,0.26,52
200,200,20,Uniform,S_TruncExponential,TruncExponential,F_TruncPareto,1.0,200,20957,265,1.7206958340000256,0.815,163
200,200,20,Uniform,S_TruncExponential,TruncExponential,F_TruncExponential,0.995,199,19134,266,1.1520924170000626,0.71,142
200,200,20,Uniform,S_TruncExponential,TruncExponential,Uniform,1.0,200,19517,267,1.201322375000018,0.615,123
200,200,20,Uniform,S_TruncExponential,TruncExponential,TruncExponential,1.0,200,19325,268,1.1176473329999226,0.625,125
200,200,20,Uniform,S_TruncExponential,TruncExponential,TruncPareto,1.0,200,20931,269,1.2724083749999409,0.55,110
200,200,20,Uniform,S_TruncExponential,TruncPareto,F_TruncPareto,1.0,200,19923,270,0.8654420830000618,0.945,189
200,200,20,Uniform,S_TruncExponential,TruncPareto,F_TruncExponential,1.0,200,19865,271,0.8634468750000224,0.91,182
200,200,20,Uniform,S_TruncExponential,TruncPareto,Uniform,1.0,200,19423,272,0.8585722079999414,0.865,173
200,200,20,Uniform,S_TruncExponential,TruncPareto,TruncExponential,1.0,200,21014,273,0.9473283749999837,0.85,170
200,200,20,Uniform,S_TruncExponential,TruncPareto,TruncPareto,0.985,197,19072,274,0.9030432920000067,0.85,170
200,200,20,Uniform,S_TruncPareto,F_TruncPareto,F_TruncPareto,0.99,198,20105,275,5.09432025000001,0.105,21
200,200,20,Uniform,S_TruncPareto,F_TruncPareto,F_TruncExponential,0.985,197,20214,276,5.203287708000062,0.1,20
200,200,20,Uniform,S_TruncPareto,F_TruncPareto,Uniform,0.985,197,20464,277,4.594962875000078,0.085,17
200,200,20,Uniform,S_TruncPareto,F_TruncPareto,TruncExponential,0.985,197,20332,278,4.597406666000097,0.025,5
200,200,20,Uniform,S_TruncPareto,F_TruncPareto,TruncPareto,0.99,198,19931,279,4.576107125000021,0.035,7
200,200,20,Uniform,S_TruncPareto,F_TruncExponential,F_TruncPareto,0.985,197,20140,280,4.593750042000011,0.225,45
200,200,20,Uniform,S_TruncPareto,F_TruncExponential,F_TruncExponential,0.99,198,21338,281,4.399013083999989,0.23,46
200,200,20,Uniform,S_TruncPareto,F_TruncExponential,Uniform,0.98,196,20436,282,4.161674458999983,0.125,25
200,200,20,Uniform,S_TruncPareto,F_TruncExponential,TruncExponential,0.985,197,18630,283,3.8938340000000835,0.075,15
200,200,20,Uniform,S_TruncPareto,F_TruncExponential,TruncPareto,0.995,199,19162,284,3.9240999590000456,0.075,15
200,200,20,Uniform,S_TruncPareto,Uniform,F_TruncPareto,0.99,198,20697,285,3.119356625000023,0.525,105
200,200,20,Uniform,S_TruncPareto,Uniform,F_TruncExponential,0.995,199,19918,286,2.9925153749999254,0.48,96
200,200,20,Uniform,S_TruncPareto,Uniform,Uniform,1.0,200,19632,287,2.85675229200001,0.41,82
200,200,20,Uniform,S_TruncPareto,Uniform,TruncExponential,0.995,199,20694,288,3.012663624999959,0.285,57
200,200,20,Uniform,S_TruncPareto,Uniform,TruncPareto,0.995,199,19838,289,2.939453083000103,0.335,67
200,200,20,Uniform,S_TruncPareto,TruncExponential,F_TruncPareto,0.985,197,20326,290,1.184336415999951,0.855,171
200,200,20,Uniform,S_TruncPareto,TruncExponential,F_TruncExponential,0.995,199,20526,291,1.1886554999999817,0.835,167
200,200,20,Uniform,S_TruncPareto,TruncExponential,Uniform,0.995,199,21188,292,1.1425810839999713,0.72,144
200,200,20,Uniform,S_TruncPareto,TruncExponential,TruncExponential,0.995,199,20746,293,1.04435275000003,0.75,150
200,200,20,Uniform,S_TruncPareto,TruncExponential,TruncPareto,1.0,200,22504,294,1.1595338749999655,0.685,137
200,200,20,Uniform,S_TruncPareto,TruncPareto,F_TruncPareto,0.975,195,20264,295,0.8727606669999659,0.93,186
200,200,20,Uniform,S_TruncPareto,TruncPareto,F_TruncExponential,0.995,199,18799,296,0.8260087499999145,0.94,188
200,200,20,Uniform,S_TruncPareto,TruncPareto,Uniform,0.995,199,20790,297,0.8452563330000658,0.92,184
200,200,20,Uniform,S_TruncPareto,TruncPareto,TruncExponential,1.0,200,20149,298,0.8683076249999431,0.825,165
200,200,20,Uniform,S_TruncPareto,TruncPareto,TruncPareto,0.99,198,21262,299,0.8948870829999578,0.83,166
200,200,20,TruncExponential,F_S_TruncPareto,F_TruncPareto,F_TruncPareto,1.0,200,9668,300,0.7011223329999439,0.225,45
200,200,20,TruncExponential,F_S_TruncPareto,F_TruncPareto,F_TruncExponential,1.0,200,9060,301,0.7875683330000811,0.155,31
200,200,20,TruncExponential,F_S_TruncPareto,F_TruncPareto,Uniform,1.0,200,8865,302,0.7404430410000487,0.215,43
200,200,20,TruncExponential,F_S_TruncPareto,F_TruncPareto,TruncExponential,1.0,200,10408,303,0.7701657080000359,0.18,36
200,200,20,TruncExponential,F_S_TruncPareto,F_TruncPareto,TruncPareto,1.0,200,9399,304,0.680285916999992,0.295,59
200,200,20,TruncExponential,F_S_TruncPareto,F_TruncExponential,F_TruncPareto,1.0,200,10327,305,0.7398642090000749,0.185,37
200,200,20,TruncExponential,F_S_TruncPareto,F_TruncExponential,F_TruncExponential,1.0,200,10304,306,0.8142164159999083,0.15,30
200,200,20,TruncExponential,F_S_TruncPareto,F_TruncExponential,Uniform,1.0,200,9508,307,0.7602347920000057,0.19,38
200,200,20,TruncExponential,F_S_TruncPareto,F_TruncExponential,TruncExponential,1.0,200,8841,308,0.6610823330000812,0.265,53
200,200,20,TruncExponential,F_S_TruncPareto,F_TruncExponential,TruncPareto,1.0,200,9652,309,0.7255767919999698,0.175,35
200,200,20,TruncExponential,F_S_TruncPareto,Uniform,F_TruncPareto,1.0,200,8967,310,0.7072716669999863,0.205,41
200,200,20,TruncExponential,F_S_TruncPareto,Uniform,F_TruncExponential,1.0,200,9466,311,0.6674110830000473,0.24,48
200,200,20,TruncExponential,F_S_TruncPareto,Uniform,Uniform,1.0,200,8369,312,1.5756494170000224,0.29,58
200,200,20,TruncExponential,F_S_TruncPareto,Uniform,TruncExponential,1.0,200,9020,313,0.6591744170000311,0.24,48
200,200,20,TruncExponential,F_S_TruncPareto,Uniform,TruncPareto,1.0,200,9863,314,0.7570126250000158,0.115,23
200,200,20,TruncExponential,F_S_TruncPareto,TruncExponential,F_TruncPareto,1.0,200,9891,315,1.3378983329999983,0.2,40
200,200,20,TruncExponential,F_S_TruncPareto,TruncExponential,F_TruncExponential,1.0,200,9563,316,0.7156335409999883,0.135,27
200,200,20,TruncExponential,F_S_TruncPareto,TruncExponential,Uniform,1.0,200,10263,317,1.360083583000005,0.18,36
200,200,20,TruncExponential,F_S_TruncPareto,TruncExponential,TruncExponential,1.0,200,8902,318,1.8907351670000025,0.235,47
200,200,20,TruncExponential,F_S_TruncPareto,TruncExponential,TruncPareto,1.0,200,8391,319,1.567859207999959,0.245,49
200,200,20,TruncExponential,F_S_TruncPareto,TruncPareto,F_TruncPareto,1.0,200,9561,320,2.1809025420000125,0.21,42
200,200,20,TruncExponential,F_S_TruncPareto,TruncPareto,F_TruncExponential,1.0,200,9257,321,0.6399680000000671,0.135,27
200,200,20,TruncExponential,F_S_TruncPareto,TruncPareto,Uniform,1.0,200,9662,322,1.7957012499999792,0.215,43
200,200,20,TruncExponential,F_S_TruncPareto,TruncPareto,TruncExponential,1.0,200,8478,323,1.484509958999979,0.26,52
200,200,20,TruncExponential,F_S_TruncPareto,TruncPareto,TruncPareto,1.0,200,10032,324,1.2002716250000276,0.265,53
200,200,20,TruncExponential,F_S_TruncExponential,F_TruncPareto,F_TruncPareto,1.0,200,10471,325,0.9078742499999635,0.08,16
200,200,20,TruncExponential,F_S_TruncExponential,F_TruncPareto,F_TruncExponential,1.0,200,9398,326,0.8131738749999613,0.1,20
200,200,20,TruncExponential,F_S_TruncExponential,F_TruncPareto,Uniform,1.0,200,8929,327,0.8127984579999747,0.075,15
200,200,20,TruncExponential,F_S_TruncExponential,F_TruncPareto,TruncExponential,1.0,200,9528,328,0.8089724999999817,0.105,21
200,200,20,TruncExponential,F_S_TruncExponential,F_TruncPareto,TruncPareto,1.0,200,9441,329,0.9106881659999999,0.045,9
200,200,20,TruncExponential,F_S_TruncExponential,F_TruncExponential,F_TruncPareto,1.0,200,9441,330,0.9010987089999389,0.08,16
200,200,20,TruncExponential,F_S_TruncExponential,F_TruncExponential,F_TruncExponential,1.0,200,9784,331,0.8803689160000658,0.065,13
200,200,20,TruncExponential,F_S_TruncExponential,F_TruncExponential,Uniform,1.0,200,10139,332,0.8855280830000538,0.075,15
200,200,20,TruncExponential,F_S_TruncExponential,F_TruncExponential,TruncExponential,1.0,200,10367,333,0.9523509579998972,0.035,7
200,200,20,TruncExponential,F_S_TruncExponential,F_TruncExponential,TruncPareto,1.0,200,9302,334,0.8335445409999238,0.065,13
200,200,20,TruncExponential,F_S_TruncExponential,Uniform,F_TruncPareto,1.0,200,8551,335,0.7263616249999814,0.125,25
200,200,20,TruncExponential,F_S_TruncExponential,Uniform,F_TruncExponential,1.0,200,9332,336,0.7969461249999767,0.095,19
200,200,20,TruncExponential,F_S_TruncExponential,Uniform,Uniform,1.0,200,10050,337,0.8459958749999714,0.05,10
200,200,20,TruncExponential,F_S_TruncExponential,Uniform,TruncExponential,1.0,200,9211,338,0.7909752920000983,0.055,11
200,200,20,TruncExponential,F_S_TruncExponential,Uniform,TruncPareto,1.0,200,8194,339,0.7354102909999938,0.11,22
200,200,20,TruncExponential,F_S_TruncExponential,TruncExponential,F_TruncPareto,1.0,200,9399,340,0.6982283750000988,0.07,14
200,200,20,TruncExponential,F_S_TruncExponential,TruncExponential,F_TruncExponential,1.0,200,9425,341,0.7612826250000353,0.01,2
200,200,20,TruncExponential,F_S_TruncExponential,TruncExponential,Uniform,1.0,200,9921,342,0.7635767080000733,0.02,4
200,200,20,TruncExponential,F_S_TruncExponential,TruncExponential,TruncExponential,1.0,200,9229,343,0.7563845829999991,0.04,8
200,200,20,TruncExponential,F_S_TruncExponential,TruncExponential,TruncPareto,1.0,200,8867,344,1.2698707499999955,0.185,37
200,200,20,TruncExponential,F_S_TruncExponential,TruncPareto,F_TruncPareto,1.0,200,9399,345,0.6680602080000426,0.06,12
200,200,20,TruncExponential,F_S_TruncExponential,TruncPareto,F_TruncExponential,1.0,200,9310,346,0.6479936669999233,0.09,18
200,200,20,TruncExponential,F_S_TruncExponential,TruncPareto,Uniform,1.0,200,10222,347,0.6797489169999835,0.025,5
200,200,20,TruncExponential,F_S_TruncExponential,TruncPareto,TruncExponential,1.0,200,9547,348,0.6860812080000187,0.05,10
200,200,20,TruncExponential,F_S_TruncExponential,TruncPareto,TruncPareto,1.0,200,10020,349,0.6795742079999627,0.025,5
200,200,20,TruncExponential,S_TruncExponential,F_TruncPareto,F_TruncPareto,0.98,196,8968,350,4.278451415999939,0.045,9
200,200,20,TruncExponential,S_TruncExponential,F_TruncPareto,F_TruncExponential,0.98,196,9710,351,4.432417082999905,0.035,7
200,200,20,TruncExponential,S_TruncExponential,F_TruncPareto,Uniform,0.975,195,10007,352,3.9682193749999897,0.045,9
200,200,20,TruncExponential,S_TruncExponential,F_TruncPareto,TruncExponential,0.99,198,10017,353,3.809400958000083,0.02,4
200,200,20,TruncExponential,S_TruncExponential,F_TruncPareto,TruncPareto,0.985,197,9438,354,3.978349666999975,0.035,7
200,200,20,TruncExponential,S_TruncExponential,F_TruncExponential,F_TruncPareto,0.96,192,9194,355,4.490625874999978,0.065,13
200,200,20,TruncExponential,S_TruncExponential,F_TruncExponential,F_TruncExponential,0.97,194,8925,356,4.198859749999997,0.09,18
200,200,20,TruncExponential,S_TruncExponential,F_TruncExponential,Uniform,0.985,197,9699,357,3.9807759159999705,0.06,12
200,200,20,TruncExponential,S_TruncExponential,F_TruncExponential,TruncExponential,0.99,198,9740,358,3.513916917000074,0.08,16
200,200,20,TruncExponential,S_TruncExponential,F_TruncExponential,TruncPareto,0.99,198,10111,359,3.547774332999893,0.055,11
200,200,20,TruncExponential,S_TruncExponential,Uniform,F_TruncPareto,0.955,191,9711,360,1.9055909159999374,0.4,80
200,200,20,TruncExponential,S_TruncExponential,Uniform,F_TruncExponential,0.975,195,9110,361,2.8562766669999746,0.335,67
200,200,20,TruncExponential,S_TruncExponential,Uniform,Uniform,0.985,197,10685,362,1.878032791999999,0.295,59
200,200,20,TruncExponential,S_TruncExponential,Uniform,TruncExponential,0.97,194,9205,363,2.3700867499999276,0.29,58
200,200,20,TruncExponential,S_TruncExponential,Uniform,TruncPareto,0.965,193,9122,364,1.772913874999972,0.26,52
200,200,20,TruncExponential,S_TruncExponential,TruncExponential,F_TruncPareto,0.965,193,8711,365,1.144666083000061,0.685,137
200,200,20,TruncExponential,S_TruncExponential,TruncExponential,F_TruncExponential,0.975,195,9499,366,1.067797624999912,0.695,139
200,200,20,TruncExponential,S_TruncExponential,TruncExponential,Uniform,0.955,191,8576,367,1.1362110420000135,0.57,114
200,200,20,TruncExponential,S_TruncExponential,TruncExponential,TruncExponential,0.995,199,9205,368,1.1224267920000557,0.54,108
200,200,20,TruncExponential,S_TruncExponential,TruncExponential,TruncPareto,0.985,197,9993,369,1.0305635830000028,0.64,128
200,200,20,TruncExponential,S_TruncExponential,TruncPareto,F_TruncPareto,0.985,197,9255,370,0.8519521250000253,0.85,170
200,200,20,TruncExponential,S_TruncExponential,TruncPareto,F_TruncExponential,0.975,195,9473,371,0.8058731669999588,0.855,171
200,200,20,TruncExponential,S_TruncExponential,TruncPareto,Uniform,0.985,197,9031,372,0.8145909169999186,0.87,174
200,200,20,TruncExponential,S_TruncExponential,TruncPareto,TruncExponential,0.985,197,8795,373,0.8053045839999413,0.82,164
200,200,20,TruncExponential,S_TruncExponential,TruncPareto,TruncPareto,0.97,194,8794,374,0.8012150000000702,0.78,156
200,200,20,TruncExponential,S_TruncPareto,F_TruncPareto,F_TruncPareto,0.965,193,9814,375,4.714172083999983,0.075,15
200,200,20,TruncExponential,S_TruncPareto,F_TruncPareto,F_TruncExponential,0.94,188,10271,376,4.8167162499998994,0.035,7
200,200,20,TruncExponential,S_TruncPareto,F_TruncPareto,Uniform,0.915,183,10013,377,4.314627582999947,0.06,12
200,200,20,TruncExponential,S_TruncPareto,F_TruncPareto,TruncExponential,0.92,184,9543,378,3.9272046250000585,0.055,11
200,200,20,TruncExponential,S_TruncPareto,F_TruncPareto,TruncPareto,0.875,175,8599,379,3.8465268329999844,0.065,13
200,200,20,TruncExponential,S_TruncPareto,F_TruncExponential,F_TruncPareto,0.955,191,10305,380,4.347531374999903,0.13,26
200,200,20,TruncExponential,S_TruncPareto,F_TruncExponential,F_TruncExponential,0.89,178,9662,381,4.051321540999993,0.1,20
200,200,20,TruncExponential,S_TruncPareto,F_TruncExponential,Uniform,0.9,180,8948,382,3.745446042000026,0.07,14
200,200,20,TruncExponential,S_TruncPareto,F_TruncExponential,TruncExponential,0.925,185,10001,383,3.6101348749999715,0.1,20
200,200,20,TruncExponential,S_TruncPareto,F_TruncExponential,TruncPareto,0.93,186,9525,384,3.4574124580000216,0.12,24
200,200,20,TruncExponential,S_TruncPareto,Uniform,F_TruncPareto,0.86,172,9171,385,1.9697625830000334,0.37,74
200,200,20,TruncExponential,S_TruncPareto,Uniform,F_TruncExponential,0.945,189,9585,386,2.036267708999958,0.405,81
200,200,20,TruncExponential,S_TruncPareto,Uniform,Uniform,0.915,183,9476,387,1.8614431670000613,0.38,76
200,200,20,TruncExponential,S_TruncPareto,Uniform,TruncExponential,0.935,187,9650,388,1.964600750000045,0.315,63
200,200,20,TruncExponential,S_TruncPareto,Uniform,TruncPareto,0.945,189,8868,389,1.7601756669999986,0.285,57
200,200,20,TruncExponential,S_TruncPareto,TruncExponential,F_TruncPareto,0.895,179,9723,390,1.2275824160000184,0.695,139
200,200,20,TruncExponential,S_TruncPareto,TruncExponential,F_TruncExponential,0.9,180,8892,391,1.1770568330000515,0.705,141
200,200,20,TruncExponential,S_TruncPareto,TruncExponential,Uniform,0.91,182,8277,392,1.2498251660000506,0.58,116
200,200,20,TruncExponential,S_TruncPareto,TruncExponential,TruncExponential,0.93,186,9228,393,1.0882324589999826,0.65,130
200,200,20,TruncExponential,S_TruncPareto,TruncExponential,TruncPareto,0.93,186,8917,394,1.0510470000000396,0.64,128
200,200,20,TruncExponential,S_TruncPareto,TruncPareto,F_TruncPareto,0.925,185,8896,395,0.8541947909999408,0.82,164
200,200,20,TruncExponential,S_TruncPareto,TruncPareto,F_TruncExponential,0.935,187,8771,396,0.7672226669999418,0.86,172
200,200,20,TruncExponential,S_TruncPareto,TruncPareto,Uniform,0.925,185,8956,397,0.775884875000088,0.79,158
200,200,20,TruncExponential,S_TruncPareto,TruncPareto,TruncExponential,0.965,193,10108,398,0.7793682079999371,0.82,164
200,200,20,TruncExponential,S_TruncPareto,TruncPareto,TruncPareto,0.9,180,9273,399,0.8266956250000703,0.745,149
200,200,20,TruncPareto,F_S_TruncPareto,F_TruncPareto,F_TruncPareto,1.0,200,4517,400,25.936827959000084,0.575,115
200,200,20,TruncPareto,F_S_TruncPareto,F_TruncPareto,F_TruncExponential,1.0,200,5084,401,26.864052707999917,0.5,100
200,200,20,TruncPareto,F_S_TruncPareto,F_TruncPareto,Uniform,1.0,200,5023,402,0.9332909580000432,0.32,64
200,200,20,TruncPareto,F_S_TruncPareto,F_TruncPareto,TruncExponential,1.0,200,5099,403,27.070584499999995,0.52,104
200,200,20,TruncPareto,F_S_TruncPareto,F_TruncPareto,TruncPareto,1.0,200,5146,404,27.13453758300011,0.5,100
200,200,20,TruncPareto,F_S_TruncPareto,F_TruncExponential,F_TruncPareto,1.0,200,5693,405,1.7172176249998756,0.45,90
200,200,20,TruncPareto,F_S_TruncPareto,F_TruncExponential,F_TruncExponential,1.0,200,5011,406,25.848584458999994,0.605,121
200,200,20,TruncPareto,F_S_TruncPareto,F_TruncExponential,Uniform,1.0,200,5080,407,25.675879499999837,0.59,118
200,200,20,TruncPareto,F_S_TruncPareto,F_TruncExponential,TruncExponential,1.0,200,5014,408,27.310516416999917,0.475,95
200,200,20,TruncPareto,F_S_TruncPareto,F_TruncExponential,TruncPareto,1.0,200,5107,409,26.669732249999925,0.52,104
200,200,20,TruncPareto,F_S_TruncPareto,Uniform,F_TruncPareto,1.0,200,5380,410,26.860166083999957,0.49,98
200,200,20,TruncPareto,F_S_TruncPareto,Uniform,F_TruncExponential,1.0,200,4918,411,2.5079087500000696,0.43,86
200,200,20,TruncPareto,F_S_TruncPareto,Uniform,Uniform,1.0,200,4777,412,26.841323457999806,0.475,95
200,200,20,TruncPareto,F_S_TruncPareto,Uniform,TruncExponential,1.0,200,5455,413,27.49643229200001,0.485,97
200,200,20,TruncPareto,F_S_TruncPareto,Uniform,TruncPareto,1.0,200,5058,414,26.560470332999785,0.495,99
200,200,20,TruncPareto,F_S_TruncPareto,TruncExponential,F_TruncPareto,1.0,200,5334,415,27.00873425000009,0.44,88
200,200,20,TruncPareto,F_S_TruncPareto,TruncExponential,F_TruncExponential,1.0,200,5108,416,25.786709541999926,0.555,111
200,200,20,TruncPareto,F_S_TruncPareto,TruncExponential,Uniform,1.0,200,5083,417,26.853673667000066,0.43,86
200,200,20,TruncPareto,F_S_TruncPareto,TruncExponential,TruncExponential,1.0,200,5116,418,25.463826916000016,0.59,118
200,200,20,TruncPareto,F_S_TruncPareto,TruncExponential,TruncPareto,1.0,200,5227,419,25.48510295899996,0.58,116
200,200,20,TruncPareto,F_S_TruncPareto,TruncPareto,F_TruncPareto,1.0,200,4601,420,25.980575959000134,0.48,96
200,200,20,TruncPareto,F_S_TruncPareto,TruncPareto,F_TruncExponential,1.0,200,5137,421,26.095031166000126,0.485,97
200,200,20,TruncPareto,F_S_TruncPareto,TruncPareto,Uniform,1.0,200,5481,422,26.880343957999912,0.425,85
200,200,20,TruncPareto,F_S_TruncPareto,TruncPareto,TruncExponential,1.0,200,5120,423,26.854815958000017,0.445,89
200,200,20,TruncPareto,F_S_TruncPareto,TruncPareto,TruncPareto,1.0,200,5518,424,27.438734625000052,0.355,71
200,200,20,TruncPareto,F_S_TruncExponential,F_TruncPareto,F_TruncPareto,1.0,200,5695,425,0.6821557089999715,0.24,48
200,200,20,TruncPareto,F_S_TruncExponential,F_TruncPareto,F_TruncExponential,1.0,200,5958,426,0.6856642919999558,0.22,44
200,200,20,TruncPareto,F_S_TruncExponential,F_TruncPareto,Uniform,1.0,200,5297,427,1.2373879169999782,0.345,69
200,200,20,TruncPareto,F_S_TruncExponential,F_TruncPareto,TruncExponential,1.0,200,5151,428,0.6880082919999495,0.225,45
200,200,20,TruncPareto,F_S_TruncExponential,F_TruncPareto,TruncPareto,1.0,200,5141,429,0.6604815420000705,0.26,52
200,200,20,TruncPareto,F_S_TruncExponential,F_TruncExponential,F_TruncPareto,1.0,200,5617,430,0.7000779170000442,0.22,44
200,200,20,TruncPareto,F_S_TruncExponential,F_TruncExponential,F_TruncExponential,1.0,200,4774,431,0.9543337919999431,0.29,58
200,200,20,TruncPareto,F_S_TruncExponential,F_TruncExponential,Uniform,1.0,200,5114,432,0.6815820829999666,0.245,49
200,200,20,TruncPareto,F_S_TruncExponential,F_TruncExponential,TruncExponential,1.0,200,5246,433,0.712206292000019,0.185,37
200,200,20,TruncPareto,F_S_TruncExponential,F_TruncExponential,TruncPareto,1.0,200,5159,434,0.6490346660000341,0.265,53
200,200,20,TruncPareto,F_S_TruncExponential,Uniform,F_TruncPareto,1.0,200,4966,435,1.5022011660000771,0.315,63
200,200,20,TruncPareto,F_S_TruncExponential,Uniform,F_TruncExponential,1.0,200,5537,436,0.655237624999927,0.235,47
200,200,20,TruncPareto,F_S_TruncExponential,Uniform,Uniform,1.0,200,5610,437,0.6542292080000607,0.255,51
200,200,20,TruncPareto,F_S_TruncExponential,Uniform,TruncExponential,1.0,200,5468,438,1.5021936660000392,0.34,68
200,200,20,TruncPareto,F_S_TruncExponential,Uniform,TruncPareto,1.0,200,4566,439,1.724271999999928,0.335,67
200,200,20,TruncPareto,F_S_TruncExponential,TruncExponential,F_TruncPareto,1.0,200,5103,440,1.8051624580000407,0.24,48
200,200,20,TruncPareto,F_S_TruncExponential,TruncExponential,F_TruncExponential,1.0,200,5589,441,0.9428328750000219,0.18,36
200,200,20,TruncPareto,F_S_TruncExponential,TruncExponential,Uniform,1.0,200,4639,442,1.4524178750000374,0.295,59
200,200,20,TruncPareto,F_S_TruncExponential,TruncExponential,TruncExponential,1.0,200,5734,443,1.4967615000000478,0.275,55
200,200,20,TruncPareto,F_S_TruncExponential,TruncExponential,TruncPareto,1.0,200,4634,444,1.433164834000081,0.35,70
200,200,20,TruncPareto,F_S_TruncExponential,TruncPareto,F_TruncPareto,1.0,200,5125,445,1.7742018330000064,0.225,45
200,200,20,TruncPareto,F_S_TruncExponential,TruncPareto,F_TruncExponential,1.0,200,4596,446,28.151360416999978,0.315,63
200,200,20,TruncPareto,F_S_TruncExponential,TruncPareto,Uniform,1.0,200,4896,447,1.7806239589999677,0.21,42
200,200,20,TruncPareto,F_S_TruncExponential,TruncPareto,TruncExponential,1.0,200,5551,448,27.66790062500013,0.345,69
200,200,20,TruncPareto,F_S_TruncExponential,TruncPareto,TruncPareto,1.0,200,4929,449,1.4554217919999246,0.24,48
200,200,20,TruncPareto,S_TruncExponential,F_TruncPareto,F_TruncPareto,0.915,183,5265,450,3.7693463329999304,0.04,8
200,200,20,TruncPareto,S_TruncExponential,F_TruncPareto,F_TruncExponential,0.9,180,5417,451,3.8302434590000303,0.045,9
200,200,20,TruncPareto,S_TruncExponential,F_TruncPareto,Uniform,0.915,183,5420,452,2.313057292000167,0.05,10
200,200,20,TruncPareto,S_TruncExponential,F_TruncPareto,TruncExponential,0.91,182,5482,453,2.0874542080000538,0.04,8
200,200,20,TruncPareto,S_TruncExponential,F_TruncPareto,TruncPareto,0.865,173,5317,454,3.0792249999999513,0.03,6
200,200,20,TruncPareto,S_TruncExponential,F_TruncExponential,F_TruncPareto,0.935,187,5045,455,3.394365999999991,0.06,12
200,200,20,TruncPareto,S_TruncExponential,F_TruncExponential,F_TruncExponential,0.92,184,5713,456,2.2820875830000205,0.06,12
200,200,20,TruncPareto,S_TruncExponential,F_TruncExponential,Uniform,0.915,183,5086,457,2.075804625000046,0.085,17
200,200,20,TruncPareto,S_TruncExponential,F_TruncExponential,TruncExponential,0.885,177,4895,458,2.822555541999918,0.08,16
200,200,20,TruncPareto,S_TruncExponential,F_TruncExponential,TruncPareto,0.885,177,5097,459,1.9057422079999924,0.075,15
200,200,20,TruncPareto,S_TruncExponential,Uniform,F_TruncPareto,0.87,174,4585,460,1.5538550829999167,0.25,50
200,200,20,TruncPareto,S_TruncExponential,Uniform,F_TruncExponential,0.895,179,5543,461,1.6865725000000111,0.285,57
200,200,20,TruncPareto,S_TruncExponential,Uniform,Uniform,0.86,172,5270,462,1.567038125000181,0.24,48
200,200,20,TruncPareto,S_TruncExponential,Uniform,TruncExponential,0.925,185,5344,463,1.5611779160001333,0.225,45
200,200,20,TruncPareto,S_TruncExponential,Uniform,TruncPareto,0.935,187,5498,464,1.4381874170001083,0.26,52
200,200,20,TruncPareto,S_TruncExponential,TruncExponential,F_TruncPareto,0.93,186,6172,465,1.0327221249999639,0.62,124
200,200,20,TruncPareto,S_TruncExponential,TruncExponential,F_TruncExponential,0.865,173,5544,466,0.9453760419999071,0.63,126
200,200,20,TruncPareto,S_TruncExponential,TruncExponential,Uniform,0.93,186,5460,467,1.0366389579999122,0.485,97
200,200,20,TruncPareto,S_TruncExponential,TruncExponential,TruncExponential,0.92,184,4882,468,0.9131859589999749,0.575,115
200,200,20,TruncPareto,S_TruncExponential,TruncExponential,TruncPareto,0.86,172,4863,469,0.8974046659998294,0.52,104
200,200,20,TruncPareto,S_TruncExponential,TruncPareto,F_TruncPareto,0.88,176,5018,470,0.7491202080000221,0.715,143
200,200,20,TruncPareto,S_TruncExponential,TruncPareto,F_TruncExponential,0.9,180,5408,471,0.7558819170001243,0.73,146
200,200,20,TruncPareto,S_TruncExponential,TruncPareto,Uniform,0.91,182,4710,472,0.7539919169998939,0.725,145
200,200,20,TruncPareto,S_TruncExponential,TruncPareto,TruncExponential,0.875,175,4877,473,0.7180145419999917,0.685,137
200,200,20,TruncPareto,S_TruncExponential,TruncPareto,TruncPareto,0.94,188,5239,474,0.7460238749999917,0.76,152
200,200,20,TruncPareto,S_TruncPareto,F_TruncPareto,F_TruncPareto,0.785,157,4333,475,3.467424499999879,0.05,10
200,200,20,TruncPareto,S_TruncPareto,F_TruncPareto,F_TruncExponential,0.86,172,5208,476,3.677898124999956,0.055,11
200,200,20,TruncPareto,S_TruncPareto,F_TruncPareto,Uniform,0.835,167,5166,477,3.3804623329999686,0.295,59
200,200,20,TruncPareto,S_TruncPareto,F_TruncPareto,TruncExponential,0.795,159,5113,478,3.099185624999791,0.08,16
200,200,20,TruncPareto,S_TruncPareto,F_TruncPareto,TruncPareto,0.82,164,5379,479,3.1568387910001547,0.06,12
200,200,20,TruncPareto,S_TruncPareto,F_TruncExponential,F_TruncPareto,0.785,157,4699,480,3.349214125000117,0.045,9
200,200,20,TruncPareto,S_TruncPareto,F_TruncExponential,F_TruncExponential,0.855,171,5135,481,3.31883829100002,0.085,17
200,200,20,TruncPareto,S_TruncPareto,F_TruncExponential,Uniform,0.8,160,5385,482,2.1650879580001856,0.05,10
200,200,20,TruncPareto,S_TruncPareto,F_TruncExponential,TruncExponential,0.815,163,5288,483,1.971681125000032,0.075,15
200,200,20,TruncPareto,S_TruncPareto,F_TruncExponential,TruncPareto,0.82,164,4871,484,1.8716350409999905,0.105,21
200,200,20,TruncPareto,S_TruncPareto,Uniform,F_TruncPareto,0.81,162,4762,485,1.6591135000001032,0.24,48
200,200,20,TruncPareto,S_TruncPareto,Uniform,F_TruncExponential,0.83,166,5567,486,1.771327041999939,0.3,60
200,200,20,TruncPareto,S_TruncPareto,Uniform,Uniform,0.855,171,5373,487,1.590906958000005,0.26,52
200,200,20,TruncPareto,S_TruncPareto,Uniform,TruncExponential,0.77,154,5204,488,1.4769670420000693,0.24,48
200,200,20,TruncPareto,S_TruncPareto,Uniform,TruncPareto,0.82,164,5537,489,1.4691527500001484,0.22,44
200,200,20,TruncPareto,S_TruncPareto,TruncExponential,F_TruncPareto,0.86,172,5002,490,1.0643228750000162,0.52,104
200,200,20,TruncPareto,S_TruncPareto,TruncExponential,F_TruncExponential,0.805,161,5083,491,0.9839623750001465,0.545,109
200,200,20,TruncPareto,S_TruncPareto,TruncExponential,Uniform,0.795,159,4883,492,0.9277139170001192,0.51,102
200,200,20,TruncPareto,S_TruncPareto,TruncExponential,TruncExponential,0.805,161,4824,493,0.9023374590001367,0.485,97
200,200,20,TruncPareto,S_TruncPareto,TruncExponential,TruncPareto,0.855,171,5250,494,0.8997773749999851,0.575,115
200,200,20,TruncPareto,S_TruncPareto,TruncPareto,F_TruncPareto,0.85,170,5103,495,0.7666180419998909,0.7,140
200,200,20,TruncPareto,S_TruncPareto,TruncPareto,F_TruncExponential,0.79,158,5683,496,0.8163875000000189,0.61,122
200,200,20,TruncPareto,S_TruncPareto,TruncPareto,Uniform,0.785,157,4516,497,0.6751496659999248,0.65,130
200,200,20,TruncPareto,S_TruncPareto,TruncPareto,TruncExponential,0.835,167,4617,498,0.7146559169998454,0.7,140
200,200,20,TruncPareto,S_TruncPareto,TruncPareto,TruncPareto,0.88,176,5024,499,0.7255745420000039,0.685,137
